bias_sigma,k,global_empirical,baarda_empirical,jackknife_empirical,ss_empirical,ss_scalar_empirical,global_matched_empirical,baarda_matched_empirical,jackknife_matched_empirical,ss_matched_empirical,ss_scalar_matched_empirical
0.0,3,0.052,0.2992,0.0442,0.0229,0.0442,0.052,0.0538,0.0065,0.003,0.0065
0.5,3,0.0565,0.3196,0.0467,0.0261,0.0467,0.0565,0.07,0.0079,0.0047,0.0079
1.0,3,0.0836,0.3709,0.0724,0.0375,0.0724,0.0836,0.1205,0.0219,0.0119,0.0219
1.5,3,0.1191,0.4438,0.1049,0.0645,0.1049,0.1191,0.2148,0.0536,0.033,0.0536
2.0,3,0.1807,0.5486,0.1645,0.1047,0.1645,0.1807,0.3457,0.1066,0.0697,0.1066
2.5,3,0.2795,0.665,0.261,0.1823,0.261,0.2795,0.4971,0.1995,0.1426,0.1995
3.0,3,0.3964,0.7711,0.3872,0.2919,0.3872,0.3964,0.6473,0.33,0.255,0.33
3.5,3,0.5233,0.8541,0.5258,0.4283,0.5258,0.5233,0.7742,0.4761,0.3915,0.4761
4.0,3,0.6552,0.9189,0.6613,0.5729,0.6613,0.6552,0.8765,0.6237,0.5424,0.6237
4.5,3,0.7749,0.9602,0.7815,0.7098,0.7815,0.7749,0.9376,0.7552,0.6864,0.7552
5.0,3,0.8635,0.9816,0.8794,0.8267,0.8794,0.8635,0.9705,0.8644,0.8113,0.8644
5.5,3,0.9302,0.9948,0.9414,0.9064,0.9414,0.9302,0.9912,0.9338,0.898,0.9338
6.0,3,0.9666,0.9979,0.973,0.9555,0.973,0.9666,0.9958,0.9686,0.9507,0.9686
6.5,3,0.9847,0.9995,0.9883,0.9798,0.9883,0.9847,0.9991,0.9872,0.9783,0.9872
7.0,3,0.9946,0.9999,0.9969,0.9931,0.9969,0.9946,0.9999,0.9964,0.9925,0.9964
7.5,3,0.9986,1.0,0.9993,0.998,0.9993,0.9986,1.0,0.9991,0.9977,0.9991
8.0,3,0.9997,1.0,0.9999,0.9996,0.9999,0.9997,1.0,0.9999,0.9994,0.9999
8.5,3,0.9999,1.0,0.9999,0.9999,0.9999,0.9999,1.0,0.9999,0.9998,0.9999
9.0,3,1.0,1.0,1.0,1.0,1.0,1.0,1.0,1.0,1.0,1.0
9.5,3,1.0,1.0,1.0,1.0,1.0,1.0,1.0,1.0,1.0,1.0
10.0,3,1.0,1.0,1.0,1.0,1.0,1.0,1.0,1.0,1.0,1.0
