detector,measurement_k,S_kk,theoretical_MDB_k_sigma
Chi-squared/parity space,1,0.5830231918433832,5.824675072902788
Baarda w-test,1,0.5830231918433832,4.7210691915269685
Jackknife maximum,1,0.5830231918433832,5.785763403678738
Solution separation H/V split,1,0.5830231918433832,6.071785390513864
Solution separation max-sensitivity,1,0.5830231918433832,5.785763403678744
Chi-squared/parity space,2,0.41642788727724334,6.891991227934529
Baarda w-test,2,0.41642788727724334,5.5861600942935326
Jackknife maximum,2,0.41642788727724334,6.845949366440134
Solution separation H/V split,2,0.41642788727724334,7.1843821544654665
Solution separation max-sensitivity,2,0.41642788727724334,6.8459493664401485
Chi-squared/parity space,3,0.6015522080370841,5.734267599414994
Baarda w-test,3,0.6015522080370841,4.6477912949190285
Jackknife maximum,3,0.6015522080370841,5.695959896190713
Solution separation H/V split,3,0.6015522080370841,5.977542403592554
Solution separation max-sensitivity,3,0.6015522080370841,5.695959896190718
Chi-squared/parity space,4,0.6993476557140684,5.318241529920684
Baarda w-test,4,0.6993476557140684,4.310590020173445
Jackknife maximum,4,0.6993476557140684,5.282713083668187
Solution separation H/V split,4,0.6993476557140684,5.543866536833884
Solution separation max-sensitivity,4,0.6993476557140684,5.282713083668188
Chi-squared/parity space,5,0.6666490246846007,5.447108108288668
Baarda w-test,5,0.6666490246846007,4.415040144057762
Jackknife maximum,5,0.6666490246846007,5.410718770465616
Solution separation H/V split,5,0.6666490246846007,5.678200246108167
Solution separation max-sensitivity,5,0.6666490246846007,5.410718770465616
Chi-squared/parity space,6,0.4095536734727183,6.94959035811052
Baarda w-test,6,0.4095536734727183,5.632845870844
Jackknife maximum,6,0.4095536734727183,6.903163706344917
Solution separation H/V split,6,0.4095536734727183,7.244424912684861
Solution separation max-sensitivity,6,0.4095536734727183,6.903163706344918
Chi-squared/parity space,7,0.6315257756514607,5.596533121232844
Baarda w-test,7,0.6315257756514607,4.536153479346815
Jackknife maximum,7,0.6315257756514607,5.5591455514732955
Solution separation H/V split,7,0.6315257756514607,5.83396457617228
Solution separation max-sensitivity,7,0.6315257756514607,5.559145551473296
Chi-squared/parity space,8,0.6717560962772435,5.426362597596271
Baarda w-test,8,0.6717560962772435,4.398225301999361
Jackknife maximum,8,0.6717560962772435,5.390111849898822
Solution separation H/V split,8,0.6717560962772435,5.656574612546762
Solution separation max-sensitivity,8,0.6717560962772435,5.390111849898821
Chi-squared/parity space,9,0.3201644870421988,7.860099429463056
Baarda w-test,9,0.3201644870421988,6.370840054479388
Jackknife maximum,9,0.3201644870421988,7.807590133195138
Solution separation H/V split,9,0.3201644870421988,8.193562093415773
Solution separation max-sensitivity,9,0.3201644870421988,7.807590133195128
