detector,nominal_false_alarm_parameter,exact_mdb_k3_bias_sigma,empirical_type_I_error,empirical_type_II_error
Chi-squared/parity space,0.005,5.734267599414994,0.0056,0.2056
Chi-squared/parity space,0.01,5.734267599414994,0.0098,0.1484
Chi-squared/parity space,0.015,5.734267599414994,0.0137,0.1194
Chi-squared/parity space,0.02,5.734267599414994,0.0182,0.1022
Chi-squared/parity space,0.025,5.734267599414994,0.0238,0.0886
Chi-squared/parity space,0.030000000000000002,5.734267599414994,0.0288,0.079
Chi-squared/parity space,0.034999999999999996,5.734267599414994,0.0333,0.0684
Chi-squared/parity space,0.04,5.734267599414994,0.0385,0.0612
Chi-squared/parity space,0.045,5.734267599414994,0.0445,0.056
Chi-squared/parity space,0.049999999999999996,5.734267599414994,0.0502,0.0502
Chi-squared/parity space,0.055,5.734267599414994,0.0561,0.0468
Chi-squared/parity space,0.06,5.734267599414994,0.0608,0.0435
Chi-squared/parity space,0.065,5.734267599414994,0.0656,0.0402
Chi-squared/parity space,0.07,5.734267599414994,0.07,0.0385
Chi-squared/parity space,0.07500000000000001,5.734267599414994,0.077,0.0361
Chi-squared/parity space,0.08,5.734267599414994,0.0828,0.0332
Chi-squared/parity space,0.085,5.734267599414994,0.0878,0.0316
Chi-squared/parity space,0.09000000000000001,5.734267599414994,0.0934,0.0294
Chi-squared/parity space,0.095,5.734267599414994,0.0982,0.0281
Chi-squared/parity space,0.1,5.734267599414994,0.1027,0.0269
Chi-squared/parity space,0.10500000000000001,5.734267599414994,0.1083,0.0255
Chi-squared/parity space,0.11,5.734267599414994,0.1126,0.0242
Chi-squared/parity space,0.115,5.734267599414994,0.1179,0.023
Chi-squared/parity space,0.12000000000000001,5.734267599414994,0.1228,0.0214
Chi-squared/parity space,0.125,5.734267599414994,0.1273,0.0204
Chi-squared/parity space,0.13,5.734267599414994,0.1326,0.0191
Chi-squared/parity space,0.135,5.734267599414994,0.1372,0.0184
Chi-squared/parity space,0.14,5.734267599414994,0.1418,0.0174
Chi-squared/parity space,0.14500000000000002,5.734267599414994,0.1479,0.0169
Chi-squared/parity space,0.15,5.734267599414994,0.1527,0.0163
Chi-squared/parity space,0.155,5.734267599414994,0.1582,0.016
Chi-squared/parity space,0.16,5.734267599414994,0.1622,0.0154
Chi-squared/parity space,0.165,5.734267599414994,0.1675,0.0143
Chi-squared/parity space,0.17,5.734267599414994,0.1736,0.0138
Chi-squared/parity space,0.17500000000000002,5.734267599414994,0.1787,0.0135
Chi-squared/parity space,0.18000000000000002,5.734267599414994,0.1837,0.0127
Chi-squared/parity space,0.185,5.734267599414994,0.1866,0.0122
Chi-squared/parity space,0.19,5.734267599414994,0.1922,0.0117
Chi-squared/parity space,0.195,5.734267599414994,0.198,0.0113
Chi-squared/parity space,0.2,5.734267599414994,0.2023,0.0111
Baarda w-test,0.005,4.6477912949190285,0.0416,0.1943
Baarda w-test,0.01,4.6477912949190285,0.0762,0.1319
Baarda w-test,0.015,4.6477912949190285,0.1094,0.0981
Baarda w-test,0.02,4.6477912949190285,0.1395,0.0778
Baarda w-test,0.025,4.6477912949190285,0.1691,0.0645
Baarda w-test,0.030000000000000002,4.6477912949190285,0.1969,0.054
Baarda w-test,0.034999999999999996,4.6477912949190285,0.2224,0.0463
Baarda w-test,0.04,4.6477912949190285,0.2509,0.04
Baarda w-test,0.045,4.6477912949190285,0.2771,0.0341
Baarda w-test,0.049999999999999996,4.6477912949190285,0.3025,0.0306
Baarda w-test,0.055,4.6477912949190285,0.3259,0.0265
Baarda w-test,0.06,4.6477912949190285,0.3477,0.024
Baarda w-test,0.065,4.6477912949190285,0.3694,0.0218
Baarda w-test,0.07,4.6477912949190285,0.3891,0.0198
Baarda w-test,0.07500000000000001,4.6477912949190285,0.4057,0.0185
Baarda w-test,0.08,4.6477912949190285,0.4246,0.017
Baarda w-test,0.085,4.6477912949190285,0.4444,0.015
Baarda w-test,0.09000000000000001,4.6477912949190285,0.4625,0.0141
Baarda w-test,0.095,4.6477912949190285,0.4825,0.0128
Baarda w-test,0.1,4.6477912949190285,0.5018,0.0121
Baarda w-test,0.10500000000000001,4.6477912949190285,0.5166,0.0104
Baarda w-test,0.11,4.6477912949190285,0.5326,0.0095
Baarda w-test,0.115,4.6477912949190285,0.547,0.0088
Baarda w-test,0.12000000000000001,4.6477912949190285,0.5636,0.0078
Baarda w-test,0.125,4.6477912949190285,0.5765,0.0076
Baarda w-test,0.13,4.6477912949190285,0.5917,0.0067
Baarda w-test,0.135,4.6477912949190285,0.6044,0.0066
Baarda w-test,0.14,4.6477912949190285,0.6176,0.0063
Baarda w-test,0.14500000000000002,4.6477912949190285,0.6306,0.0061
Baarda w-test,0.15,4.6477912949190285,0.6437,0.0054
Baarda w-test,0.155,4.6477912949190285,0.6561,0.0051
Baarda w-test,0.16,4.6477912949190285,0.6701,0.0048
Baarda w-test,0.165,4.6477912949190285,0.6817,0.0046
Baarda w-test,0.17,4.6477912949190285,0.6939,0.0043
Baarda w-test,0.17500000000000002,4.6477912949190285,0.7065,0.0043
Baarda w-test,0.18000000000000002,4.6477912949190285,0.7169,0.0042
Baarda w-test,0.185,4.6477912949190285,0.7264,0.004
Baarda w-test,0.19,4.6477912949190285,0.7343,0.0039
Baarda w-test,0.195,4.6477912949190285,0.7424,0.0037
Baarda w-test,0.2,4.6477912949190285,0.7519,0.0031
Jackknife maximum,0.005,5.695959896190713,0.0041,0.16
Jackknife maximum,0.01,5.695959896190713,0.0097,0.1147
Jackknife maximum,0.015,5.695959896190713,0.015,0.0939
Jackknife maximum,0.02,5.695959896190713,0.0198,0.0774
Jackknife maximum,0.025,5.695959896190713,0.0239,0.0689
Jackknife maximum,0.030000000000000002,5.695959896190713,0.0288,0.0609
Jackknife maximum,0.034999999999999996,5.695959896190713,0.033,0.0543
Jackknife maximum,0.04,5.695959896190713,0.038,0.0503
Jackknife maximum,0.045,5.695959896190713,0.0416,0.0468
Jackknife maximum,0.049999999999999996,5.695959896190713,0.0455,0.0442
Jackknife maximum,0.055,5.695959896190713,0.0491,0.0417
Jackknife maximum,0.06,5.695959896190713,0.0526,0.0394
Jackknife maximum,0.065,5.695959896190713,0.0568,0.0375
Jackknife maximum,0.07,5.695959896190713,0.0616,0.0353
Jackknife maximum,0.07500000000000001,5.695959896190713,0.0658,0.0332
Jackknife maximum,0.08,5.695959896190713,0.07,0.0311
Jackknife maximum,0.085,5.695959896190713,0.0726,0.0293
Jackknife maximum,0.09000000000000001,5.695959896190713,0.0762,0.0287
Jackknife maximum,0.095,5.695959896190713,0.0788,0.0274
Jackknife maximum,0.1,5.695959896190713,0.083,0.0262
Jackknife maximum,0.10500000000000001,5.695959896190713,0.0864,0.0253
Jackknife maximum,0.11,5.695959896190713,0.0904,0.024
Jackknife maximum,0.115,5.695959896190713,0.0949,0.0233
Jackknife maximum,0.12000000000000001,5.695959896190713,0.0985,0.0224
Jackknife maximum,0.125,5.695959896190713,0.1017,0.0215
Jackknife maximum,0.13,5.695959896190713,0.1059,0.0211
Jackknife maximum,0.135,5.695959896190713,0.1094,0.0207
Jackknife maximum,0.14,5.695959896190713,0.1123,0.0202
Jackknife maximum,0.14500000000000002,5.695959896190713,0.1162,0.0191
Jackknife maximum,0.15,5.695959896190713,0.1192,0.0187
Jackknife maximum,0.155,5.695959896190713,0.1226,0.0183
Jackknife maximum,0.16,5.695959896190713,0.1258,0.0177
Jackknife maximum,0.165,5.695959896190713,0.1298,0.0173
Jackknife maximum,0.17,5.695959896190713,0.1333,0.0169
Jackknife maximum,0.17500000000000002,5.695959896190713,0.1367,0.0159
Jackknife maximum,0.18000000000000002,5.695959896190713,0.1395,0.0155
Jackknife maximum,0.185,5.695959896190713,0.143,0.015
Jackknife maximum,0.19,5.695959896190713,0.1474,0.0146
Jackknife maximum,0.195,5.695959896190713,0.1505,0.0143
Jackknife maximum,0.2,5.695959896190713,0.1529,0.0138
Solution separation H/V split,0.005,5.977542403592554,0.0023,0.1517
Solution separation H/V split,0.01,5.977542403592554,0.0041,0.1123
Solution separation H/V split,0.015,5.977542403592554,0.0065,0.0931
Solution separation H/V split,0.02,5.977542403592554,0.0097,0.0794
Solution separation H/V split,0.025,5.977542403592554,0.0124,0.0702
Solution separation H/V split,0.030000000000000002,5.977542403592554,0.015,0.0633
Solution separation H/V split,0.034999999999999996,5.977542403592554,0.0167,0.0574
Solution separation H/V split,0.04,5.977542403592554,0.0198,0.0537
Solution separation H/V split,0.045,5.977542403592554,0.022,0.0497
Solution separation H/V split,0.049999999999999996,5.977542403592554,0.0239,0.0459
Solution separation H/V split,0.055,5.977542403592554,0.0268,0.0433
Solution separation H/V split,0.06,5.977542403592554,0.0288,0.0415
Solution separation H/V split,0.065,5.977542403592554,0.031,0.0389
Solution separation H/V split,0.07,5.977542403592554,0.033,0.037
Solution separation H/V split,0.07500000000000001,5.977542403592554,0.0361,0.0349
Solution separation H/V split,0.08,5.977542403592554,0.038,0.033
Solution separation H/V split,0.085,5.977542403592554,0.04,0.0314
Solution separation H/V split,0.09000000000000001,5.977542403592554,0.0416,0.0302
Solution separation H/V split,0.095,5.977542403592554,0.0436,0.0283
Solution separation H/V split,0.1,5.977542403592554,0.0455,0.0274
Solution separation H/V split,0.10500000000000001,5.977542403592554,0.0467,0.0265
Solution separation H/V split,0.11,5.977542403592554,0.0491,0.0253
Solution separation H/V split,0.115,5.977542403592554,0.0506,0.0249
Solution separation H/V split,0.12000000000000001,5.977542403592554,0.0526,0.0243
Solution separation H/V split,0.125,5.977542403592554,0.0549,0.0233
Solution separation H/V split,0.13,5.977542403592554,0.0568,0.023
Solution separation H/V split,0.135,5.977542403592554,0.059,0.0222
Solution separation H/V split,0.14,5.977542403592554,0.0616,0.0217
Solution separation H/V split,0.14500000000000002,5.977542403592554,0.0641,0.0208
Solution separation H/V split,0.15,5.977542403592554,0.0658,0.0203
Solution separation H/V split,0.155,5.977542403592554,0.0678,0.0194
Solution separation H/V split,0.16,5.977542403592554,0.07,0.0191
Solution separation H/V split,0.165,5.977542403592554,0.0715,0.0187
Solution separation H/V split,0.17,5.977542403592554,0.0726,0.0184
Solution separation H/V split,0.17500000000000002,5.977542403592554,0.0744,0.0175
Solution separation H/V split,0.18000000000000002,5.977542403592554,0.0762,0.0173
Solution separation H/V split,0.185,5.977542403592554,0.0778,0.0171
Solution separation H/V split,0.19,5.977542403592554,0.0788,0.017
Solution separation H/V split,0.195,5.977542403592554,0.0808,0.0167
Solution separation H/V split,0.2,5.977542403592554,0.083,0.0158
