epoch,gps_week,tow_seconds,prn,constellation_code,constellation,sat_x,sat_y,sat_z,rx_x,rx_y,rx_z,az_deg,el_deg,snr_dbhz,corrected_pseudorange_m,geometric_range_m,g_east,g_north,g_up,design_ecef_x,design_ecef_y,design_ecef_z,g_clock_GPS
3648,2203,21358,1,1,GPS,-13896157.692114964,22226543.549512453,2558678.3745772904,-2417764.4338598903,5386452.350410128,2404630.255281007,154.41702163236243,66.02647685766213,46,20067386.06952907,20380527.8196689,-0.1754538128726223,0.3664797209721385,-0.913733316490453,0.5632039248354241,-0.8262833695038183,-0.007558593215020381,1.0
3648,2203,21358,4,1,GPS,-6016587.848509306,16809080.397084452,-19629094.920813974,-2417764.4338598903,5386452.350410128,2404630.255281007,183.20515140147938,6.05793688596784,28,24765093.067760263,25078138.020957246,0.05559904754764106,0.9928601654617562,-0.10553405967292968,0.14350441056038366,-0.45548150493185285,0.8786029153233738,1.0
3648,2203,21358,7,1,GPS,-2546947.233992139,23395042.38660709,12199223.152247673,-2417764.4338598903,5386452.350410128,2404630.255281007,291.1646097419051,67.69213423263554,45,20187117.359021526,20500245.201093875,0.35397914465491365,-0.13704798293985063,-0.9251576165829766,0.006301524633732453,-0.8784572993905477,-0.47777930463212387,1.0
3648,2203,21358,8,1,GPS,-13277099.054792035,7320032.743628435,21784953.3922538,-2417764.4338598903,5386452.350410128,2404630.255281007,30.337820897471996,35.97363308846602,43,21986190.65771537,22299345.426265243,-0.4087689950477498,-0.6984654655156177,-0.5874128890054289,0.48697997243190366,-0.08671018616272219,-0.8690982971251575,1.0
3648,2203,21358,9,1,GPS,4256896.191500194,22893213.701207448,-12811454.522639917,-2417764.4338598903,5386452.350410128,2404630.255281007,214.76551465114093,15.56407425879578,38,23823367.94783168,24136425.241248544,0.5493098576357407,0.791369249201557,-0.2683158432190804,-0.2765389057677546,-0.7253253609767656,0.6304199824884182,1.0
3648,2203,21358,14,1,GPS,13965812.250210162,13077072.783959618,18448793.462789137,-2417764.4338598903,5386452.350410128,2404630.255281007,309.1416746901546,15.272293505516764,25,23873667.63234929,24186409.420269277,0.748197529100549,-0.6089478028253136,-0.26340658853198046,-0.6773877180107558,-0.3179728044752443,-0.6633544867582707,1.0
3648,2203,21358,17,1,GPS,13746308.258207332,22593204.550924014,-1701472.352144524,-2417764.4338598903,5386452.350410128,2404630.255281007,251.61460029304592,16.59114312159037,42,23649574.657334104,23962671.927542415,0.909448252313609,0.30227579516934583,-0.28554022486939074,-0.6745521843700755,-0.7180648407048733,0.17135412193771365,1.0
3648,2203,21358,21,1,GPS,-16946278.299641103,15193915.818852542,13773287.673607308,-2417764.4338598903,5386452.350410128,2404630.255281007,62.2167439866256,60.01348240716209,47,20579680.331761762,20892831.936534956,-0.44217831091361653,-0.23296905918648333,-0.8661430360046464,0.6953826991914598,-0.4694176212317231,-0.5441415243687532,1.0
3648,2203,21358,27,1,GPS,-18268319.482453763,-5252759.522137357,18510071.524040174,-2417764.4338598903,5386452.350410128,2404630.255281007,49.41248492118969,7.210288142051415,28,24663204.192050662,24976352.077093065,-0.753407793072295,-0.6454638575721425,-0.12551137759590866,0.6346225021039453,0.42597140846301507,-0.6448276040891573,1.0
